theta,s,open_regime,closed_regime,final_regime,B_open,B_closed
0.08,0.4,closed,closed,closed,0.7604389034802176,0.7699544315868354
0.08,0.45,closed,closed,closed,0.9107453883280011,0.9136434252609572
0.08,0.5,closed,closed,closed,1.0,1.0
0.08,0.55,closed,closed,closed,1.0,1.0
0.08,0.6000000000000001,closed,closed,closed,1.0,1.0
0.08,0.6500000000000001,closed,closed,closed,1.0,1.0
0.08,0.7000000000000001,closed,closed,closed,1.0,1.0
0.08,0.7500000000000001,closed,closed,closed,1.0,1.0
0.08,0.8,closed,closed,closed,1.0,1.0
0.08,0.8500000000000001,closed,closed,closed,1.0,1.0
0.08,0.9000000000000001,closed,closed,closed,1.0,1.0
0.08,0.9500000000000002,closed,closed,closed,1.0,1.0
0.08,1.0,closed,closed,closed,1.0,1.0
0.08,1.0500000000000003,closed,closed,closed,1.0,1.0
0.08,1.1,closed,closed,closed,1.0,1.0
0.08,1.1500000000000001,closed,closed,closed,1.0,1.0
0.08,1.2000000000000002,closed,closed,closed,1.0,1.0
0.08,1.2500000000000002,closed,closed,closed,1.0,1.0
0.08,1.3000000000000003,closed,closed,closed,1.0,1.0
0.08,1.35,closed,closed,closed,1.0,1.0
0.08,1.4000000000000004,closed,closed,closed,1.0,1.0
0.08,1.4500000000000002,closed,closed,closed,1.0,1.0
0.08,1.5000000000000004,closed,closed,closed,1.0,1.0
0.08,1.5500000000000003,closed,closed,closed,1.0,1.0
0.08,1.6,closed,closed,closed,1.0,1.0
0.09,0.4,closed,closed,closed,0.5653181964876356,0.5959439020279336
0.09,0.45,closed,closed,closed,0.7768280149688127,0.7974421544234954
0.09,0.5,closed,closed,closed,0.9349080089638835,0.939889756386878
0.09,0.55,closed,closed,closed,1.0,1.0
0.09,0.6000000000000001,closed,closed,closed,1.0,1.0
0.09,0.6500000000000001,closed,closed,closed,1.0,1.0
0.09,0.7000000000000001,closed,closed,closed,1.0,1.0
0.09,0.7500000000000001,closed,closed,closed,1.0,1.0
0.09,0.8,closed,closed,closed,1.0,1.0
0.09,0.8500000000000001,closed,closed,closed,1.0,1.0
0.09,0.9000000000000001,closed,closed,closed,1.0,1.0
0.09,0.9500000000000002,closed,closed,closed,1.0,1.0
0.09,1.0,closed,closed,closed,1.0,1.0
0.09,1.0500000000000003,closed,closed,closed,1.0,1.0
0.09,1.1,closed,closed,closed,1.0,1.0
0.09,1.1500000000000001,closed,closed,closed,1.0,1.0
0.09,1.2000000000000002,closed,closed,closed,1.0,1.0
0.09,1.2500000000000002,closed,closed,closed,1.0,1.0
0.09,1.3000000000000003,closed,closed,closed,1.0,1.0
0.09,1.35,closed,closed,closed,1.0,1.0
0.09,1.4000000000000004,closed,closed,closed,1.0,1.0
0.09,1.4500000000000002,closed,closed,closed,1.0,1.0
0.09,1.5000000000000004,closed,closed,closed,1.0,1.0
0.09,1.5500000000000003,closed,closed,closed,1.0,1.0
0.09,1.6,closed,closed,closed,1.0,1.0
0.1,0.4,intermediate,intermediate,intermediate,0.36522299098175737,0.3844676095122484
0.1,0.45,intermediate,closed,bistable,0.5335286530804519,0.6068710293126907
0.1,0.5,closed,closed,closed,0.7851726036424685,0.8279047292194269
0.1,0.55,closed,closed,closed,0.9571992127646962,0.9657541295084274
0.1,0.6000000000000001,closed,closed,closed,1.0,1.0
0.1,0.6500000000000001,closed,closed,closed,1.0,1.0
0.1,0.7000000000000001,closed,closed,closed,1.0,1.0
0.1,0.7500000000000001,closed,closed,closed,1.0,1.0
0.1,0.8,closed,closed,closed,1.0,1.0
0.1,0.8500000000000001,closed,closed,closed,1.0,1.0
0.1,0.9000000000000001,closed,closed,closed,1.0,1.0
0.1,0.9500000000000002,closed,closed,closed,1.0,1.0
0.1,1.0,closed,closed,closed,1.0,1.0
0.1,1.0500000000000003,closed,closed,closed,1.0,1.0
0.1,1.1,closed,closed,closed,1.0,1.0
0.1,1.1500000000000001,closed,closed,closed,1.0,1.0
0.1,1.2000000000000002,closed,closed,closed,1.0,1.0
0.1,1.2500000000000002,closed,closed,closed,1.0,1.0
0.1,1.3000000000000003,closed,closed,closed,1.0,1.0
0.1,1.35,closed,closed,closed,1.0,1.0
0.1,1.4000000000000004,closed,closed,closed,1.0,1.0
0.1,1.4500000000000002,closed,closed,closed,1.0,1.0
0.1,1.5000000000000004,closed,closed,closed,1.0,1.0
0.1,1.5500000000000003,closed,closed,closed,1.0,1.0
0.1,1.6,closed,closed,closed,1.0,1.0
0.11,0.4,intermediate,intermediate,intermediate,0.24411987084779907,0.24818641121072318
0.11,0.45,intermediate,intermediate,intermediate,0.3161306375916763,0.348955124279804
0.11,0.5,intermediate,closed,bistable,0.47293297924922945,0.6263775044158988
0.11,0.55,closed,closed,closed,0.7713378590522411,0.8602085788508976
0.11,0.6000000000000001,closed,closed,closed,0.975306378205551,0.9907741976085933
0.11,0.6500000000000001,closed,closed,closed,1.0,1.0
0.11,0.7000000000000001,closed,closed,closed,1.0,1.0
0.11,0.7500000000000001,closed,closed,closed,1.0,1.0
0.11,0.8,closed,closed,closed,1.0,1.0
0.11,0.8500000000000001,closed,closed,closed,1.0,1.0
0.11,0.9000000000000001,closed,closed,closed,1.0,1.0
0.11,0.9500000000000002,closed,closed,closed,1.0,1.0
0.11,1.0,closed,closed,closed,1.0,1.0
0.11,1.0500000000000003,closed,closed,closed,1.0,1.0
0.11,1.1,closed,closed,closed,1.0,1.0
0.11,1.1500000000000001,closed,closed,closed,1.0,1.0
0.11,1.2000000000000002,closed,closed,closed,1.0,1.0
0.11,1.2500000000000002,closed,closed,closed,1.0,1.0
0.11,1.3000000000000003,closed,closed,closed,1.0,1.0
0.11,1.35,closed,closed,closed,1.0,1.0
0.11,1.4000000000000004,closed,closed,closed,1.0,1.0
0.11,1.4500000000000002,closed,closed,closed,1.0,1.0
0.11,1.5000000000000004,closed,closed,closed,1.0,1.0
0.11,1.5500000000000003,closed,closed,closed,1.0,1.0
0.11,1.6,closed,closed,closed,1.0,1.0
0.12,0.4,open,open,open,0.17356076105632937,0.174391978485858
0.12,0.45,intermediate,intermediate,intermediate,0.20746543601210202,0.2123948243901164
0.12,0.5,intermediate,intermediate,intermediate,0.26366682857710677,0.3100690068777419
0.12,0.55,intermediate,closed,bistable,0.3861051405548096,0.657782327450031
0.12,0.6000000000000001,closed,closed,closed,0.7029619184005159,0.8930253929863154
0.12,0.6500000000000001,closed,closed,closed,0.9831671901208233,1.0
0.12,0.7000000000000001,closed,closed,closed,1.0,1.0
0.12,0.7500000000000001,closed,closed,closed,1.0,1.0
0.12,0.8,closed,closed,closed,1.0,1.0
0.12,0.8500000000000001,closed,closed,closed,1.0,1.0
0.12,0.9000000000000001,closed,closed,closed,1.0,1.0
0.12,0.9500000000000002,closed,closed,closed,1.0,1.0
0.12,1.0,closed,closed,closed,1.0,1.0
0.12,1.0500000000000003,closed,closed,closed,1.0,1.0
0.12,1.1,closed,closed,closed,1.0,1.0
0.12,1.1500000000000001,closed,closed,closed,1.0,1.0
0.12,1.2000000000000002,closed,closed,closed,1.0,1.0
0.12,1.2500000000000002,closed,closed,closed,1.0,1.0
0.12,1.3000000000000003,closed,closed,closed,1.0,1.0
0.12,1.35,closed,closed,closed,1.0,1.0
0.12,1.4000000000000004,closed,closed,closed,1.0,1.0
0.12,1.4500000000000002,closed,closed,closed,1.0,1.0
0.12,1.5000000000000004,closed,closed,closed,1.0,1.0
0.12,1.5500000000000003,closed,closed,closed,1.0,1.0
0.12,1.6,closed,closed,closed,1.0,1.0
0.13,0.4,open,open,open,0.1280843302566023,0.12829383819516155
0.13,0.45,open,open,open,0.14713958838902041,0.14802043306364115
0.13,0.5,open,open,open,0.17350249843460147,0.178662427233323
0.13,0.55,intermediate,intermediate,intermediate,0.2146898160849268,0.2718127064883006
0.13,0.6000000000000001,intermediate,closed,bistable,0.2965435246926523,0.7015614528020548
0.13,0.6500000000000001,intermediate,closed,bistable,0.5426265756899885,0.9251782355311344
0.13,0.7000000000000001,closed,closed,closed,0.9591247744686998,1.0
0.13,0.7500000000000001,closed,closed,closed,1.0,1.0
0.13,0.8,closed,closed,closed,1.0,1.0
0.13,0.8500000000000001,closed,closed,closed,1.0,1.0
0.13,0.9000000000000001,closed,closed,closed,1.0,1.0
0.13,0.9500000000000002,closed,closed,closed,1.0,1.0
0.13,1.0,closed,closed,closed,1.0,1.0
0.13,1.0500000000000003,closed,closed,closed,1.0,1.0
0.13,1.1,closed,closed,closed,1.0,1.0
0.13,1.1500000000000001,closed,closed,closed,1.0,1.0
0.13,1.2000000000000002,closed,closed,closed,1.0,1.0
0.13,1.2500000000000002,closed,closed,closed,1.0,1.0
0.13,1.3000000000000003,closed,closed,closed,1.0,1.0
0.13,1.35,closed,closed,closed,1.0,1.0
0.13,1.4000000000000004,closed,closed,closed,1.0,1.0
0.13,1.4500000000000002,closed,closed,closed,1.0,1.0
0.13,1.5000000000000004,closed,closed,closed,1.0,1.0
0.13,1.5500000000000003,closed,closed,closed,1.0,1.0
0.13,1.6,closed,closed,closed,1.0,1.0
0.14,0.4,open,open,open,0.09939445425089084,0.09939457979887942
0.14,0.45,open,open,open,0.10891022534507495,0.10892835043250523
0.14,0.5,open,open,open,0.12363671802471206,0.1244818315870992
0.14,0.55,open,open,open,0.1437208381408006,0.14862132985854237
0.14,0.6000000000000001,open,intermediate,bistable,0.1730823234725289,0.23905261314607837
0.14,0.6500000000000001,intermediate,closed,bistable,0.22438540785149294,0.7535757096451001
0.14,0.7000000000000001,intermediate,closed,bistable,0.3563831918641793,0.9558381430618746
0.14,0.7500000000000001,closed,closed,closed,0.8165409151430214,1.0
0.14,0.8,closed,closed,closed,1.0,1.0
0.14,0.8500000000000001,closed,closed,closed,1.0,1.0
0.14,0.9000000000000001,closed,closed,closed,1.0,1.0
0.14,0.9500000000000002,closed,closed,closed,1.0,1.0
0.14,1.0,closed,closed,closed,1.0,1.0
0.14,1.0500000000000003,closed,closed,closed,1.0,1.0
0.14,1.1,closed,closed,closed,1.0,1.0
0.14,1.1500000000000001,closed,closed,closed,1.0,1.0
0.14,1.2000000000000002,closed,closed,closed,1.0,1.0
0.14,1.2500000000000002,closed,closed,closed,1.0,1.0
0.14,1.3000000000000003,closed,closed,closed,1.0,1.0
0.14,1.35,closed,closed,closed,1.0,1.0
0.14,1.4000000000000004,closed,closed,closed,1.0,1.0
0.14,1.4500000000000002,closed,closed,closed,1.0,1.0
0.14,1.5000000000000004,closed,closed,closed,1.0,1.0
0.14,1.5500000000000003,closed,closed,closed,1.0,1.0
0.14,1.6,closed,closed,closed,1.0,1.0
0.15000000000000002,0.4,open,open,open,0.07983049468339079,0.07983051450199036
0.15000000000000002,0.45,open,open,open,0.08762528967466501,0.08762535532676224
0.15000000000000002,0.5,open,open,open,0.09611098016300257,0.09611144152833945
0.15000000000000002,0.55,open,open,open,0.10533393218362574,0.10535888381104513
0.15000000000000002,0.6000000000000001,open,open,open,0.11852654346865692,0.12294192112819104
0.15000000000000002,0.6500000000000001,open,intermediate,bistable,0.13943014920865301,0.21727046033004158
0.15000000000000002,0.7000000000000001,open,closed,bistable,0.17189904251321167,0.8072592023257406
0.15000000000000002,0.7500000000000001,intermediate,closed,bistable,0.2369131964075202,0.9845400625988077
0.15000000000000002,0.8,intermediate,closed,bistable,0.4696731795760421,1.0
0.15000000000000002,0.8500000000000001,closed,closed,closed,1.0,1.0
0.15000000000000002,0.9000000000000001,closed,closed,closed,1.0,1.0
0.15000000000000002,0.9500000000000002,closed,closed,closed,1.0,1.0
0.15000000000000002,1.0,closed,closed,closed,1.0,1.0
0.15000000000000002,1.0500000000000003,closed,closed,closed,1.0,1.0
0.15000000000000002,1.1,closed,closed,closed,1.0,1.0
0.15000000000000002,1.1500000000000001,closed,closed,closed,1.0,1.0
0.15000000000000002,1.2000000000000002,closed,closed,closed,1.0,1.0
0.15000000000000002,1.2500000000000002,closed,closed,closed,1.0,1.0
0.15000000000000002,1.3000000000000003,closed,closed,closed,1.0,1.0
0.15000000000000002,1.35,closed,closed,closed,1.0,1.0
0.15000000000000002,1.4000000000000004,closed,closed,closed,1.0,1.0
0.15000000000000002,1.4500000000000002,closed,closed,closed,1.0,1.0
0.15000000000000002,1.5000000000000004,closed,closed,closed,1.0,1.0
0.15000000000000002,1.5500000000000003,closed,closed,closed,1.0,1.0
0.15000000000000002,1.6,closed,closed,closed,1.0,1.0
0.16,0.4,open,open,open,0.06390298931065115,0.06390299816552808
0.16,0.45,open,open,open,0.07024145003214344,0.07024146835513456
0.16,0.5,open,open,open,0.07716314356493505,0.07716319534213446
0.16,0.55,open,open,open,0.0847118903786373,0.08471213861779667
0.16,0.6000000000000001,open,open,open,0.09293268612206122,0.09293597739144215
0.16,0.6500000000000001,open,open,open,0.10187124768461953,0.10242468880168602
0.16,0.7000000000000001,open,intermediate,bistable,0.11274178356573918,0.2155907890274421
0.16,0.7500000000000001,open,closed,bistable,0.13408006448813495,0.8576039119635303
0.16,0.8,open,closed,bistable,0.16934872338958068,1.0
0.16,0.8500000000000001,intermediate,closed,bistable,0.2517147799576398,1.0
0.16,0.9000000000000001,closed,closed,closed,0.6577120873919897,1.0
0.16,0.9500000000000002,closed,closed,closed,1.0,1.0
0.16,1.0,closed,closed,closed,1.0,1.0
0.16,1.0500000000000003,closed,closed,closed,1.0,1.0
0.16,1.1,closed,closed,closed,1.0,1.0
0.16,1.1500000000000001,closed,closed,closed,1.0,1.0
0.16,1.2000000000000002,closed,closed,closed,1.0,1.0
0.16,1.2500000000000002,closed,closed,closed,1.0,1.0
0.16,1.3000000000000003,closed,closed,closed,1.0,1.0
0.16,1.35,closed,closed,closed,1.0,1.0
0.16,1.4000000000000004,closed,closed,closed,1.0,1.0
0.16,1.4500000000000002,closed,closed,closed,1.0,1.0
0.16,1.5000000000000004,closed,closed,closed,1.0,1.0
0.16,1.5500000000000003,closed,closed,closed,1.0,1.0
0.16,1.6,closed,closed,closed,1.0,1.0
0.16999999999999998,0.4,open,open,open,0.05101482473624792,0.05101483013192862
0.16999999999999998,0.45,open,open,open,0.05613854797220094,0.05613855694541806
0.16999999999999998,0.5,open,open,open,0.06174771813012276,0.06174773597464303
0.16999999999999998,0.55,open,open,open,0.06788191738074306,0.06788196416117616
0.16999999999999998,0.6000000000000001,open,open,open,0.07458254596326375,0.07458273949564248
0.16999999999999998,0.6500000000000001,open,open,open,0.08189258146340128,0.0818944466558904
0.16999999999999998,0.7000000000000001,open,open,open,0.08985625185237124,0.08998418564197255
0.16999999999999998,0.7500000000000001,open,intermediate,bistable,0.09851861167944534,0.25842173311189315
0.16999999999999998,0.8,open,closed,bistable,0.10792501252027226,0.902543022360799
0.16999999999999998,0.8500000000000001,open,closed,bistable,0.12757316019864887,1.0
0.16999999999999998,0.9000000000000001,open,closed,bistable,0.16471124654979755,1.0
0.16999999999999998,0.9500000000000002,intermediate,closed,bistable,0.2661640671789336,1.0
0.16999999999999998,1.0,closed,closed,closed,0.8656637035993099,1.0
0.16999999999999998,1.0500000000000003,closed,closed,closed,1.0,1.0
0.16999999999999998,1.1,closed,closed,closed,1.0,1.0
0.16999999999999998,1.1500000000000001,closed,closed,closed,1.0,1.0
0.16999999999999998,1.2000000000000002,closed,closed,closed,1.0,1.0
0.16999999999999998,1.2500000000000002,closed,closed,closed,1.0,1.0
0.16999999999999998,1.3000000000000003,closed,closed,closed,1.0,1.0
0.16999999999999998,1.35,closed,closed,closed,1.0,1.0
0.16999999999999998,1.4000000000000004,closed,closed,closed,1.0,1.0
0.16999999999999998,1.4500000000000002,closed,closed,closed,1.0,1.0
0.16999999999999998,1.5000000000000004,closed,closed,closed,1.0,1.0
0.16999999999999998,1.5500000000000003,closed,closed,closed,1.0,1.0
0.16999999999999998,1.6,closed,closed,closed,1.0,1.0
0.18,0.4,open,open,open,0.04063727520376794,0.04063727902035244
0.18,0.45,open,open,open,0.0447593457245704,0.04475935130611765
0.18,0.5,open,open,open,0.04928098287957258,0.04928099205229249
0.18,0.55,open,open,open,0.054236794839676854,0.05423681270540436
0.18,0.6000000000000001,open,open,open,0.059663467228402364,0.059663512374526564
0.18,0.6500000000000001,open,open,open,0.0655996749305002,0.06559985021909623
0.18,0.7000000000000001,open,open,open,0.0720859337101042,0.07208745689396565
0.18,0.7500000000000001,open,open,open,0.07916438057735153,0.07925749767276939
0.18,0.8,open,intermediate,bistable,0.08687847174085302,0.400265946176958
0.18,0.8500000000000001,open,closed,bistable,0.095272587570952,0.9419494338264304
0.18,0.9000000000000001,open,closed,bistable,0.10439153549481726,1.0
0.18,0.9500000000000002,open,closed,bistable,0.11996110894024543,1.0
0.18,1.0,open,closed,bistable,0.1574123441137107,1.0
0.18,1.0500000000000003,intermediate,closed,bistable,0.2747712445877471,1.0
0.18,1.1,closed,closed,closed,0.9878263007476842,1.0
0.18,1.1500000000000001,closed,closed,closed,1.0,1.0
0.18,1.2000000000000002,closed,closed,closed,1.0,1.0
0.18,1.2500000000000002,closed,closed,closed,1.0,1.0
0.18,1.3000000000000003,closed,closed,closed,1.0,1.0
0.18,1.35,closed,closed,closed,1.0,1.0
0.18,1.4000000000000004,closed,closed,closed,1.0,1.0
0.18,1.4500000000000002,closed,closed,closed,1.0,1.0
0.18,1.5000000000000004,closed,closed,closed,1.0,1.0
0.18,1.5500000000000003,closed,closed,closed,1.0,1.0
0.18,1.6,closed,closed,closed,1.0,1.0
0.19,0.4,open,open,open,0.032314269278882014,0.03231427222700505
0.19,0.45,open,open,open,0.03561787731827738,0.03561788127564322
0.19,0.5,open,open,open,0.03924747924560627,0.03924748501489148
0.19,0.55,open,open,open,0.043232616269919026,0.04323262570132116
0.19,0.6000000000000001,open,open,open,0.04760491465012531,0.04760493285301397
0.19,0.6500000000000001,open,open,open,0.05239809527628341,0.052398140598122485
0.19,0.7000000000000001,open,open,open,0.05764794562719471,0.057648118161710254
0.19,0.7500000000000001,open,open,open,0.06339224488748658,0.06339373486524953
0.19,0.8,open,open,open,0.06967063209258667,0.0697783138175609
0.19,0.8500000000000001,open,closed,bistable,0.07652440653015828,0.6136723663036969
0.19,0.9000000000000001,open,closed,bistable,0.0839962494289242,0.9764445372650948
0.19,0.9500000000000002,open,closed,bistable,0.09212985640714454,1.0
0.19,1.0,open,closed,bistable,0.1009694714470111,1.0
0.19,1.0500000000000003,open,closed,bistable,0.11147377034434026,1.0
0.19,1.1,open,closed,bistable,0.1474154872139314,1.0
0.19,1.1500000000000001,intermediate,closed,bistable,0.27078262008693244,1.0
0.19,1.2000000000000002,closed,closed,closed,1.0,1.0
0.19,1.2500000000000002,closed,closed,closed,1.0,1.0
0.19,1.3000000000000003,closed,closed,closed,1.0,1.0
0.19,1.35,closed,closed,closed,1.0,1.0
0.19,1.4000000000000004,closed,closed,closed,1.0,1.0
0.19,1.4500000000000002,closed,closed,closed,1.0,1.0
0.19,1.5000000000000004,closed,closed,closed,1.0,1.0
0.19,1.5500000000000003,closed,closed,closed,1.0,1.0
0.19,1.6,closed,closed,closed,1.0,1.0
0.2,0.4,open,open,open,0.025660129431085688,0.02566013184647593
0.2,0.45,open,open,open,0.028299755840360902,0.028299758888162305
0.2,0.5,open,open,open,0.03120351274987213,0.031203516840907213
0.2,0.55,open,open,open,0.03439616703255517,0.03439617299598981
0.2,0.6000000000000001,open,open,open,0.037904431118355945,0.03790444086221703
0.2,0.6500000000000001,open,open,open,0.04175702806559208,0.04175704685307614
0.2,0.7000000000000001,open,open,open,0.045984735944172614,0.04598478271834468
0.2,0.7500000000000001,open,open,open,0.05062040480347299,0.050620584464342554
0.2,0.8,open,open,open,0.05569893841765475,0.05570058261992658
0.2,0.8500000000000001,open,open,open,0.06125723194872432,0.06143221671732004
0.2,0.9000000000000001,open,closed,bistable,0.0673340557345314,0.766693716271768
0.2,0.9500000000000002,open,closed,bistable,0.07396987471972731,1.0
0.2,1.0,open,closed,bistable,0.0812065927607912,1.0
0.2,1.0500000000000003,open,closed,bistable,0.08908721134017476,1.0
0.2,1.1,open,closed,bistable,0.0976553933272298,1.0
0.2,1.1500000000000001,open,closed,bistable,0.10695492453147133,1.0
0.2,1.2000000000000002,open,closed,bistable,0.13525137056730813,1.0
0.2,1.2500000000000002,intermediate,closed,bistable,0.2509920521568385,1.0
0.2,1.3000000000000003,closed,closed,closed,1.0,1.0
0.2,1.35,closed,closed,closed,1.0,1.0
0.2,1.4000000000000004,closed,closed,closed,1.0,1.0
0.2,1.4500000000000002,closed,closed,closed,1.0,1.0
0.2,1.5000000000000004,closed,closed,closed,1.0,1.0
0.2,1.5500000000000003,closed,closed,closed,1.0,1.0
0.2,1.6,closed,closed,closed,1.0,1.0
0.21000000000000002,0.4,open,open,open,0.02035361596827211,0.02035361803328149
0.21000000000000002,0.45,open,open,open,0.022457631792871427,0.022457634279042783
0.21000000000000002,0.5,open,open,open,0.024774491920798482,0.02477449506150718
0.21000000000000002,0.55,open,open,open,0.02732468019080321,0.027324684413585994
0.21000000000000002,0.6000000000000001,open,open,open,0.03013041375584802,0.03013041992539813
0.21000000000000002,0.6500000000000001,open,open,open,0.03321573431803015,0.0332157444311338
0.21000000000000002,0.7000000000000001,open,open,open,0.03660659015065497,0.036606609752972565
0.21000000000000002,0.7500000000000001,open,open,open,0.04033090445328403,0.040330953805995974
0.21000000000000002,0.8,open,open,open,0.044418624650454756,0.044418820251843745
0.21000000000000002,0.8500000000000001,open,open,open,0.048901746229577,0.04890375084649978
0.21000000000000002,0.9000000000000001,open,open,open,0.05381430365396474,0.054220380981692316
0.21000000000000002,0.9500000000000002,open,closed,bistable,0.05919231984071482,0.8585952093260648
0.21000000000000002,1.0,open,closed,bistable,0.06507370474503724,1.0
0.21000000000000002,1.0500000000000003,open,closed,bistable,0.07149809285902102,1.0
0.21000000000000002,1.1,open,closed,bistable,0.07850660906334687,1.0
0.21000000000000002,1.1500000000000001,open,closed,bistable,0.0861415524455753,1.0
0.21000000000000002,1.2000000000000002,open,closed,bistable,0.09444598862015702,1.0
0.21000000000000002,1.2500000000000002,open,closed,bistable,0.10346324295801872,1.0
0.21000000000000002,1.3000000000000003,open,closed,bistable,0.12186929886392762,1.0
0.21000000000000002,1.35,intermediate,closed,bistable,0.219289758752926,1.0
0.21000000000000002,1.4000000000000004,closed,closed,closed,1.0,1.0
0.21000000000000002,1.4500000000000002,closed,closed,closed,1.0,1.0
0.21000000000000002,1.5000000000000004,closed,closed,closed,1.0,1.0
0.21000000000000002,1.5500000000000003,closed,closed,closed,1.0,1.0
0.21000000000000002,1.6,closed,closed,closed,1.0,1.0
0.22000000000000003,0.4,open,open,open,0.016130267587913208,0.016130269411351716
0.22000000000000003,0.45,open,open,open,0.017804152114054533,0.01780415423015256
0.22000000000000003,0.5,open,open,open,0.019648821044919936,0.019648823596639213
0.22000000000000003,0.55,open,open,open,0.021681041367692507,0.021681044598510932
0.22000000000000003,0.6000000000000001,open,open,open,0.023919076588337508,0.02391908094578686
0.22000000000000003,0.6500000000000001,open,open,open,0.02638278552402805,0.02638279191777651
0.22000000000000003,0.7000000000000001,open,open,open,0.029093719005058354,0.029093729552250692
0.22000000000000003,0.7500000000000001,open,open,open,0.03207521178270936,0.03207523244226271
0.22000000000000003,0.8,open,open,open,0.03535246624190699,0.03535251935133339
0.22000000000000003,0.8500000000000001,open,open,open,0.03895262371503396,0.03895284535196541
0.22000000000000003,0.9000000000000001,open,open,open,0.042904818290967546,0.04290751222312052
0.22000000000000003,0.9500000000000002,open,open,open,0.04724020702740473,0.048757209917756554
0.22000000000000003,1.0,open,closed,bistable,0.05199196943641713,0.9197471820154587
0.22000000000000003,1.0500000000000003,open,closed,bistable,0.05719526807517839,1.0
0.22000000000000003,1.1,open,closed,bistable,0.06288716111399985,1.0
0.22000000000000003,1.1500000000000001,open,closed,bistable,0.0691064569806234,1.0
0.22000000000000003,1.2000000000000002,open,closed,bistable,0.07589350073430651,1.0
0.22000000000000003,1.2500000000000002,open,closed,bistable,0.08328988187791435,1.0
0.22000000000000003,1.3000000000000003,open,closed,bistable,0.09133805406660922,1.0
0.22000000000000003,1.35,open,closed,bistable,0.10008085882030394,1.0
0.22000000000000003,1.4000000000000004,open,closed,bistable,0.10956094807649601,1.0
0.22000000000000003,1.4500000000000002,open,closed,bistable,0.18352394900596644,1.0
0.22000000000000003,1.5000000000000004,closed,closed,closed,0.997839278219235,1.0
0.22000000000000003,1.5500000000000003,closed,closed,closed,1.0,1.0
0.22000000000000003,1.6,closed,closed,closed,1.0,1.0
0.22999999999999998,0.4,open,open,open,0.012774324402898163,0.012774326054153374
0.22999999999999998,0.45,open,open,open,0.014103998008575057,0.014103999869531165
0.22999999999999998,0.5,open,open,open,0.0155702481994029,0.015570250362735969
0.22999999999999998,0.55,open,open,open,0.017186691085955698,0.017186693700920547
0.22999999999999998,0.6000000000000001,open,open,open,0.018968206532936304,0.018968209854599346
0.22999999999999998,0.6500000000000001,open,open,open,0.02093103373168543,0.020931038231280424
0.22999999999999998,0.7000000000000001,open,open,open,0.023092868706471294,0.023092875349120454
0.22999999999999998,0.7500000000000001,open,open,open,0.025472962266976915,0.025472973325064673
0.22999999999999998,0.8,open,open,open,0.02809221644589326,0.02809223843891359
0.22999999999999998,0.8500000000000001,open,open,open,0.030973276894447368,0.030973335145381597
0.22999999999999998,0.9000000000000001,open,open,open,0.034140618042592365,0.034140879316239096
0.22999999999999998,0.9500000000000002,open,open,open,0.03762061706103553,0.037624649840163726
0.22999999999999998,1.0,open,open,open,0.041441611792521815,0.05374302294946527
0.22999999999999998,1.0500000000000003,open,closed,bistable,0.04563393686318182,0.9651008571692818
0.22999999999999998,1.1,open,closed,bistable,0.05022993116904008,1.0
0.22999999999999998,1.1500000000000001,open,closed,bistable,0.05526390890502762,1.0
0.22999999999999998,1.2000000000000002,open,closed,bistable,0.060772085335629826,1.0
0.22999999999999998,1.2500000000000002,open,closed,bistable,0.06679244769838215,1.0
0.22999999999999998,1.3000000000000003,open,closed,bistable,0.07336456111660473,1.0
0.22999999999999998,1.35,open,closed,bistable,0.08052929934025144,1.0
0.22999999999999998,1.4000000000000004,open,closed,bistable,0.08832849072271212,1.0
0.22999999999999998,1.4500000000000002,open,closed,bistable,0.09680447127652511,1.0
0.22999999999999998,1.5000000000000004,open,closed,bistable,0.10599953911800025,1.0
0.22999999999999998,1.5500000000000003,open,closed,bistable,0.15038625427110286,1.0
0.22999999999999998,1.6,oscillatory,closed,oscillatory,0.9143626574949104,1.0
0.24,0.4,open,open,open,0.010110990360538183,0.010110991886063115
0.24,0.45,open,open,open,0.011165972480681925,0.011165974159910805
0.24,0.5,open,open,open,0.01232988751874889,0.01232988941442301
0.24,0.55,open,open,open,0.013613725472233593,0.013613727681134745
0.24,0.6000000000000001,open,open,open,0.015029526513518451,0.015029529191985297
0.24,0.6500000000000001,open,open,open,0.01659046781262645,0.01659047122904982
0.24,0.7000000000000001,open,open,open,0.01831095428348366,0.01831095893708529
0.24,0.7500000000000001,open,open,open,0.020206712549015425,0.020206719472453828
0.24,0.8,open,open,open,0.022294887121312616,0.02229489878280428
0.24,0.8500000000000001,open,open,open,0.024594137424465888,0.02459416108195684
0.24,0.9000000000000001,open,open,open,0.027124733839220237,0.027124798990459085
0.24,0.9500000000000002,open,open,open,0.029908650410645336,0.029908971698729477
0.24,1.0,open,open,open,0.032969651224611055,0.032976539265018256
0.24,1.0500000000000003,open,intermediate,bistable,0.03633336672160025,0.2242166325077226
0.24,1.1,open,closed,bistable,0.04002735537885789,1.0
0.24,1.1500000000000001,open,closed,bistable,0.04408114526489083,1.0
0.24,1.2000000000000002,open,closed,bistable,0.04852624897798534,1.0
0.24,1.2500000000000002,open,closed,bistable,0.05339614446488535,1.0
0.24,1.3000000000000003,open,closed,bistable,0.058726213242401674,1.0
0.24,1.35,open,closed,bistable,0.06455362670684572,1.0
0.24,1.4000000000000004,open,closed,bistable,0.07091717063840117,1.0
0.24,1.4500000000000002,open,closed,bistable,0.07785699784596214,1.0
0.24,1.5000000000000004,open,closed,bistable,0.08541429933507384,1.0
0.24,1.5500000000000003,open,closed,bistable,0.09363088561371687,1.0
0.24,1.6,open,closed,bistable,0.10254867196573812,1.0
0.25,0.4,open,open,open,0.007999427845459171,0.007999429277509388
0.25,0.45,open,open,open,0.008835674799383256,0.008835676346027744
0.25,0.5,open,open,open,0.009758626361944037,0.009758628067113492
0.25,0.55,open,open,open,0.010777111094910783,0.01077711302415578
0.25,0.6000000000000001,open,open,open,0.011900819942098673,0.011900822196784426
0.25,0.6500000000000001,open,open,open,0.013140382052732486,0.0131403847972061
0.25,0.7000000000000001,open,open,open,0.014507445269725631,0.014507448787736405
0.25,0.7500000000000001,open,open,open,0.01601476104973562,0.01601476587352751
0.25,0.8,open,open,open,0.017676273405041135,0.017676280649059337
0.25,0.8500000000000001,open,open,open,0.019507211232830363,0.01950722361015694
0.25,0.9000000000000001,open,open,open,0.02152418311634536,0.0215242088486187
0.25,0.9500000000000002,open,open,open,0.023745273334684517,0.02374534774506953
0.25,1.0,open,open,open,0.02619013739378007,0.026190551803084893
0.25,1.0500000000000003,open,open,open,0.028880094880336465,0.028894107351297767
0.25,1.1,open,closed,bistable,0.03183821683499019,0.7102867677967555
0.25,1.1500000000000001,open,closed,bistable,0.035089404135349556,1.0
0.25,1.2000000000000002,open,closed,bistable,0.03866045257395966,1.0
0.25,1.2500000000000002,open,closed,bistable,0.04258009941906467,1.0
0.25,1.3000000000000003,open,closed,bistable,0.0468790452780003,1.0
0.25,1.35,open,closed,bistable,0.05158994408165972,1.0
0.25,1.4000000000000004,open,closed,bistable,0.056747353033139464,1.0
0.25,1.4500000000000002,open,closed,bistable,0.06238763350051601,1.0
0.25,1.5000000000000004,open,closed,bistable,0.06854879319932256,1.0
0.25,1.5500000000000003,open,closed,bistable,0.07527025975265433,1.0
0.25,1.6,open,closed,bistable,0.08259257601152417,1.0
0.26,0.4,open,open,open,0.006326643715324867,0.006326645076931009
0.26,0.45,open,open,open,0.0069890120674981895,0.006989013515652405
0.26,0.5,open,open,open,0.007720280177020764,0.007720281743301883
0.26,0.55,open,open,open,0.008527514301493235,0.008527516031835842
0.26,0.6000000000000001,open,open,open,0.009418482587767561,0.009418484550850894
0.26,0.6500000000000001,open,open,open,0.010401719559614607,0.010401721861934306
0.26,0.7000000000000001,open,open,open,0.011486595298020381,0.011486598113010347
0.26,0.7500000000000001,open,open,open,0.012683389344982405,0.012683392974152026
0.26,0.8,open,open,open,0.014003369264845982,0.014003374279417155
0.26,0.8500000000000001,open,open,open,0.015458873669766464,0.015458881283105434
0.26,0.9000000000000001,open,open,open,0.017063399351031582,0.017063412581854735
0.26,0.9500000000000002,open,open,open,0.018831691947939863,0.018831720276832938
0.26,1.0,open,open,open,0.02077983932194747,0.020779926296550524
0.26,1.0500000000000003,open,open,open,0.022925366476305428,0.022925932064493896
0.26,1.1,open,open,open,0.025287330460393463,0.025323955765466675
0.26,1.1500000000000001,open,closed,bistable,0.02788641321356674,0.8741468385953559
0.26,1.2000000000000002,open,closed,bistable,0.030745009726871185,1.0
0.26,1.2500000000000002,open,closed,bistable,0.03388730822639624,1.0
0.26,1.3000000000000003,open,closed,bistable,0.03733935830800566,1.0
0.26,1.35,open,closed,bistable,0.04112912208599082,1.0
0.26,1.4000000000000004,open,closed,bistable,0.045286502475326035,1.0
0.26,1.4500000000000002,open,closed,bistable,0.049843341741808045,1.0
0.26,1.5000000000000004,open,closed,bistable,0.05483338248014022,1.0
0.26,1.5500000000000003,open,closed,bistable,0.06029218229617515,1.0
0.26,1.6,open,closed,bistable,0.06625697278478246,1.0
0.27,0.4,open,open,open,0.0050022865188333295,0.005002287826797831
0.27,0.45,open,open,open,0.005526620873110859,0.005526622247092666
0.27,0.5,open,open,open,0.006105636235432068,0.0061056376986017334
0.27,0.55,open,open,open,0.006744972211862734,0.006744973797277926
0.27,0.6000000000000001,open,open,open,0.007450835829378948,0.00745083758521066
0.27,0.6500000000000001,open,open,open,0.008230055374887732,0.008230057373295524
0.27,0.7000000000000001,open,open,open,0.009090138583074057,0.009090140936307596
0.27,0.7500000000000001,open,open,open,0.010039335337283975,0.010039338229129528
0.27,0.8,open,open,open,0.011086705000404894,0.011086708752963812
0.27,0.8500000000000001,open,open,open,0.012242188426756638,0.01224219365734509
0.27,0.9000000000000001,open,open,open,0.013516684616719309,0.013516692658513596
0.27,0.9500000000000002,open,open,open,0.01492213185767807,0.01492214611190187
0.27,1.0,open,open,open,0.016471593041382716,0.01647162464579504
0.27,1.0500000000000003,open,open,open,0.018179344651518776,0.018179449012302347
0.27,1.1,open,open,open,0.020060968667706104,0.020061796218525167
0.27,1.1500000000000001,open,open,open,0.022133446323969005,0.022275211297165195
0.27,1.2000000000000002,open,closed,bistable,0.024415252281102192,0.9471203299962955
0.27,1.2500000000000002,open,closed,bistable,0.02692644731342793,1.0
0.27,1.3000000000000003,open,closed,bistable,0.02968876706222775,1.0
0.27,1.35,open,closed,bistable,0.03272570376390529,1.0
0.27,1.4000000000000004,open,closed,bistable,0.03606257711813306,1.0
0.27,1.4500000000000002,open,closed,bistable,0.03972658962412741,1.0
0.27,1.5000000000000004,open,closed,bistable,0.04374686079631103,1.0
0.27,1.5500000000000003,open,closed,bistable,0.048154433702967674,1.0
0.27,1.6,open,closed,bistable,0.05298224630136206,1.0
0.28,0.4,open,open,open,0.003954298396777774,0.003954299663567852
0.28,0.45,open,open,open,0.004369170868031618,0.004369172185564508
0.28,0.5,open,open,open,0.004827396129701917,0.004827397515254135
0.28,0.55,open,open,open,0.005333465149270236,0.005333466627132241
0.28,0.6000000000000001,open,open,open,0.005892325247572943,0.005892326852459784
0.28,0.6500000000000001,open,open,open,0.006509424450279338,0.006509426232842932
0.28,0.7000000000000001,open,open,open,0.007190759680827821,0.007190761717100349
0.28,0.7500000000000001,open,open,open,0.007942929014154214,0.007942931422858715
0.28,0.8,open,open,open,0.008773188192531277,0.00877319116928641
0.28,0.8500000000000001,open,open,open,0.0096895115759645,0.00968951546682053
0.28,0.9000000000000001,open,open,open,0.01070065765685389,0.010700663133772775
0.28,0.9500000000000002,open,open,open,0.011816239208383096,0.011816247750115734
0.28,1.0,open,open,open,0.013046798053932758,0.013046813543238812
0.28,1.0500000000000003,open,open,open,0.014403884335481197,0.014403920118443573
0.28,1.1,open,open,open,0.015900140016265912,0.015900269099529473
0.28,1.1500000000000001,open,open,open,0.017549386169754027,0.017550709941904816
0.28,1.2000000000000002,open,open,open,0.019366713375047934,0.02046279559269731
0.28,1.2500000000000002,open,closed,bistable,0.0213685742491856,0.99363253175794
0.28,1.3000000000000003,open,closed,bistable,0.02357287678970593,1.0
0.28,1.35,open,closed,bistable,0.025999076766508127,1.0
0.28,1.4000000000000004,open,closed,bistable,0.028668266881252017,1.0
0.28,1.4500000000000002,open,closed,bistable,0.03160325979800405,1.0
0.28,1.5000000000000004,open,closed,bistable,0.034828661436860114,1.0
0.28,1.5500000000000003,open,closed,bistable,0.03837093011530819,1.0
0.28,1.6,open,closed,bistable,0.04225841623190955,1.0
0.29,0.4,open,open,open,0.0031253291099624593,0.0031253303449513925
0.29,0.45,open,open,open,0.0034534705145343697,0.003453471788757357
0.29,0.5,open,open,open,0.0038159560364419078,0.0038159573629430936
0.29,0.55,open,open,open,0.0042163557198783,0.004216357116797302
0.29,0.6000000000000001,open,open,open,0.004658605181241132,0.0046586066741300105
0.29,0.6500000000000001,open,open,open,0.005147041786662147,0.005147043412077061
0.29,0.7000000000000001,open,open,open,0.005686444119826752,0.005686445931165369
0.29,0.7500000000000001,open,open,open,0.006282074970244179,0.0062820770478486145
0.29,0.8,open,open,open,0.006939728070384005,0.006939730540283935
0.29,0.8500000000000001,open,open,open,0.00766577880241689,0.00766578187380408
0.29,0.9000000000000001,open,open,open,0.008467239079824785,0.00846724312668421
0.29,0.9500000000000002,open,open,open,0.009351816583573664,0.009351822342864899
0.29,1.0,open,open,open,0.010327978494038416,0.010327987622239763
0.29,1.0500000000000003,open,open,open,0.011405019804980735,0.01140503679613939
0.29,1.1,open,open,open,0.012593136230433882,0.012593177421717257
0.29,1.1500000000000001,open,open,open,0.013903501614348208,0.013903667116698793
0.29,1.2000000000000002,open,open,open,0.015348349620393388,0.015350735254695144
0.29,1.2500000000000002,open,open,open,0.016941059308522674,0.0527912270468352
0.29,1.3000000000000003,open,closed,bistable,0.018696243987915223,1.0
0.29,1.35,open,closed,bistable,0.020629842463951113,1.0
0.29,1.4000000000000004,open,closed,bistable,0.022759211460464585,1.0
0.29,1.4500000000000002,open,closed,bistable,0.025103217587896954,1.0
0.29,1.5000000000000004,open,closed,bistable,0.02768232673379343,1.0
0.29,1.5500000000000003,open,closed,bistable,0.03051868816653748,1.0
0.29,1.6,open,closed,bistable,0.03363620996163586,1.0
0.3,0.4,open,open,open,0.002469807734517319,0.002469808944825917
0.3,0.45,open,open,open,0.002729274156854259,0.0027292753976383534
0.3,0.5,open,open,open,0.003015930977865912,0.0030159322590710947
0.3,0.55,open,open,open,0.003332612287160935,0.0033326136225042724
0.3,0.6000000000000001,open,open,open,0.003682444126475424,0.0036824455350752366
0.3,0.6500000000000001,open,open,open,0.0040688737828720204,0.004068875291687484
0.3,0.7000000000000001,open,open,open,0.004495701841626698,0.004495703489246197
0.3,0.7500000000000001,open,open,open,0.004967117216519798,0.0049671190593728555
0.3,0.8,open,open,open,0.005487735381836285,0.005487737505072257
0.3,0.8500000000000001,open,open,open,0.006062640034015774,0.006062642571938568
0.3,0.9000000000000001,open,open,open,0.006697428410462131,0.006697431587882442
0.3,0.9500000000000002,open,open,open,0.007398260487126274,0.007398264710716368
0.3,1.0,open,open,open,0.008171912263365819,0.008171918347694101
0.3,1.0500000000000003,open,open,open,0.009025833320094169,0.009025843139960648
0.3,1.1,open,open,open,0.009968208802690172,0.009968227636371545
0.3,1.1500000000000001,open,open,open,0.011008025930285475,0.01100807424835038
0.3,1.2000000000000002,open,open,open,0.012155145063926547,0.012155366682461612
0.3,1.2500000000000002,open,open,open,0.01342037527297925,0.01342545891457746
0.3,1.3000000000000003,open,closed,bistable,0.014815554216378363,0.7048954074684312
0.3,1.35,open,closed,bistable,0.016353631996341666,1.0
0.3,1.4000000000000004,open,closed,bistable,0.018048758439405718,1.0
0.3,1.4500000000000002,open,closed,bistable,0.019916373004601317,1.0
0.3,1.5000000000000004,open,closed,bistable,0.02197329620201602,1.0
0.3,1.5500000000000003,open,closed,bistable,0.02423782101722181,1.0
0.3,1.6,open,closed,bistable,0.02672980236864109,1.0
0.31,0.4,open,open,open,0.0019515692455961786,0.0019515704366786957
0.31,0.45,open,open,open,0.002156686197930754,0.002156687412770463
0.31,0.5,open,open,open,0.0023833192857218603,0.0023833205319601647
0.31,0.55,open,open,open,0.002633715945959354,0.0026337172340702097
0.31,0.6000000000000001,open,open,open,0.0029103562181172476,0.002910357562586372
0.31,0.6500000000000001,open,open,open,0.003215976330973812,0.003215977752016695
0.31,0.7000000000000001,open,open,open,0.0035535945699849735,0.003553596096115301
0.31,0.7500000000000001,open,open,open,0.003926539619756264,0.003926541291795762
0.31,0.8,open,open,open,0.004338481586403501,0.004338483464128758
0.31,0.8500000000000001,open,open,open,0.004793465913619443,0.004793468087555954
0.31,0.9000000000000001,open,open,open,0.005295950413432035,0.005295953027285531
0.31,0.9500000000000002,open,open,open,0.005850845637131299,0.0058508489337427945
0.31,1.0,open,open,open,0.0064635588126162056,0.006463563237032876
0.31,1.0500000000000003,open,open,open,0.007140041570160537,0.007140048030056192
0.31,1.1,open,open,open,0.007886841667678793,0.007886852308029798
0.31,1.1500000000000001,open,open,open,0.00871115890695276,0.008711180024900728
0.31,1.2000000000000002,open,open,open,0.009620905401442396,0.009620963318849178
0.31,1.2500000000000002,open,open,open,0.010624770311173067,0.010625083486311429
0.31,1.3000000000000003,open,open,open,0.011732289097023778,0.011746213306067777
0.31,1.35,open,closed,bistable,0.012953917261037274,0.9117724165367926
0.31,1.4000000000000004,open,closed,bistable,0.014301108425775927,1.0
0.31,1.4500000000000002,open,closed,bistable,0.015786396457968227,1.0
0.31,1.5000000000000004,open,closed,bistable,0.01742348115246465,1.0
0.31,1.5500000000000003,open,closed,bistable,0.0192273167536393,1.0
0.31,1.6,open,closed,bistable,0.02121420229381283,1.0
0.32,0.4,open,open,open,0.0015419418151519165,0.001541942991212907
0.32,0.45,open,open,open,0.001704064270268867,0.001704065464901957
0.32,0.5,open,open,open,0.0018832061067564426,0.0018832073258676035
0.32,0.55,open,open,open,0.002081148042791765,0.0020811492944390196
0.32,0.6000000000000001,open,open,open,0.002299855770153998,0.002299857065419287
0.32,0.6500000000000001,open,open,open,0.0025414988654089447,0.0025415002196446644
0.32,0.7000000000000001,open,open,open,0.0028084715654855107,0.002808473000123592
0.32,0.7500000000000001,open,open,open,0.0031034155754632044,0.0031034171207231977
0.32,0.8,open,open,open,0.0034292450876547264,0.003429246786804958
0.32,0.8500000000000001,open,open,open,0.0037891742020781834,0.0037891761185944615
0.32,0.9000000000000001,open,open,open,0.004186746948819198,0.004186749179258568
0.32,0.9500000000000002,open,open,open,0.004625870122125898,0.004625872820911236
0.32,1.0,open,open,open,0.0051108491437647065,0.005110852574616231
0.32,1.0500000000000003,open,open,open,0.005646427178430411,0.005646431831615392
0.32,1.1,open,open,open,0.006237827725879635,0.006237834621370644
0.32,1.1500000000000001,open,open,open,0.006890800911718501,0.006890812531753828
0.32,1.2000000000000002,open,open,open,0.0076116736898869395,0.007611697675004003
0.32,1.2500000000000002,open,open,open,0.008407404152931819,0.008407475348609462
0.32,1.3000000000000003,open,open,open,0.009285640118783134,0.00928611409666771
0.32,1.35,open,open,open,0.010254782122040045,0.010312253018317038
0.32,1.4000000000000004,open,closed,bistable,0.011324050880198742,0.9820860349959226
0.32,1.4500000000000002,open,closed,bistable,0.012503559226547773,1.0
0.32,1.5000000000000004,open,closed,bistable,0.01380438839652348,1.0
0.32,1.5500000000000003,open,closed,bistable,0.01523866841715507,1.0
0.32,1.6,open,closed,bistable,0.01681966217287045,1.0
