sigma,s,theta,rhoP,prob_closed_open_start,mean_B,std_B
0.0,0.7,0.196,0.02,0.0,0.02040950537406873,3.469446951953614e-18
0.0,0.7571428571428571,0.196,0.02,0.0,0.020792060898171868,0.0
0.0,0.8142857142857143,0.196,0.02,0.0,0.02119009757039961,3.469446951953614e-18
0.0,0.8714285714285714,0.196,0.02,0.0,0.021613695960582043,0.0
0.0,0.9285714285714286,0.196,0.02,0.0,0.02205971874215436,6.938893903907228e-18
0.0,0.9857142857142858,0.196,0.02,0.0,0.022529076568314023,6.938893903907228e-18
0.0,1.0428571428571427,0.196,0.02,0.0,0.02304149089550299,6.938893903907228e-18
0.0,1.1,0.196,0.02,0.0,0.023563629624623557,3.469446951953614e-18
0.0,1.157142857142857,0.196,0.02,0.0,0.024137709592717313,6.938893903907228e-18
0.0,1.2142857142857144,0.196,0.02,0.0,0.02474635200604677,3.469446951953614e-18
0.0,1.2714285714285714,0.196,0.02,0.0,0.025357918738042017,6.938893903907228e-18
0.0,1.3285714285714287,0.196,0.02,0.0,0.02603612542061394,6.938893903907228e-18
0.0,1.3857142857142857,0.196,0.02,0.0,0.02671225482002922,1.0408340855860843e-17
0.0,1.4428571428571428,0.196,0.02,0.0,0.027465603712422425,6.938893903907228e-18
0.0,1.5,0.196,0.02,0.0,0.028211421903465584,3.469446951953614e-18
0.03333333333333333,0.7,0.196,0.02,0.0,0.05829741534468697,0.0019930804339210583
0.03333333333333333,0.7571428571428571,0.196,0.02,0.0,0.06367798662502934,0.0021492808303667206
0.03333333333333333,0.8142857142857143,0.196,0.02,0.0,0.06941108437734862,0.002311221981658063
0.03333333333333333,0.8714285714285714,0.196,0.02,0.0,0.07550346847294062,0.00247845725903759
0.03333333333333333,0.9285714285714286,0.196,0.02,0.0,0.08196144197320271,0.002650526413450005
0.03333333333333333,0.9857142857142858,0.196,0.02,0.0,0.08879110524958082,0.002826968227082783
0.03333333333333333,1.0428571428571427,0.196,0.02,0.0,0.09599862869671474,0.003007331709031944
0.03333333333333333,1.1,0.196,0.02,0.0,0.10359053376404882,0.003191185359146971
0.03333333333333333,1.157142857142857,0.196,0.02,0.0,0.11157397370669347,0.0033781242043875656
0.03333333333333333,1.2142857142857144,0.196,0.02,0.0,0.11995700750621217,0.0035677744782352484
0.03333333333333333,1.2714285714285714,0.196,0.02,0.0,0.1287488625043637,0.0037597959513208956
0.03333333333333333,1.3285714285714287,0.196,0.02,0.0,0.1379601831608643,0.003953882023077462
0.03333333333333333,1.3857142857142857,0.196,0.02,0.0,0.14760326480321118,0.004149757748603969
0.03333333333333333,1.4428571428571428,0.196,0.02,0.0,0.15769227217031231,0.00434717600518631
0.03333333333333333,1.5,0.196,0.02,0.0,0.1682434429059906,0.004545912004953309
0.06666666666666667,0.7,0.196,0.02,0.0,0.0975119818129983,0.005739592064137895
0.06666666666666667,0.7571428571428571,0.196,0.02,0.0,0.10433153736419426,0.006026331917591015
0.06666666666666667,0.8142857142857143,0.196,0.02,0.0,0.11141873052009783,0.0063155302241393995
0.06666666666666667,0.8714285714285714,0.196,0.02,0.0,0.11877299028703973,0.006606533781279539
0.06666666666666667,0.9285714285714286,0.196,0.02,0.0,0.12639448911749823,0.006898738457240209
0.06666666666666667,0.9857142857142858,0.196,0.02,0.0,0.13428430637833208,0.007191595800225181
0.06666666666666667,1.0428571428571427,0.196,0.02,0.0,0.14244457511742814,0.007484616654919018
0.06666666666666667,1.1,0.196,0.02,0.0,0.15087861383092038,0.00777737199955185
0.06666666666666667,1.157142857142857,0.196,0.02,0.0,0.159591045512157,0.008069491316926358
0.06666666666666667,1.2142857142857144,0.196,0.02,0.0,0.16858790652208,0.008360658858229663
0.06666666666666667,1.2714285714285714,0.196,0.02,0.0,0.17787674780089308,0.008650608160088029
0.06666666666666667,1.3285714285714287,0.196,0.02,0.0,0.18746673068305186,0.008939115145291592
0.06666666666666667,1.3857142857142857,0.196,0.02,0.0,0.19736871911153386,0.009225990087280759
0.06666666666666667,1.4428571428571428,0.196,0.02,0.0,0.20759536938726847,0.009511068657433987
0.06666666666666667,1.5,0.196,0.02,0.0,0.21816121773122427,0.009794202209897442
0.1,0.7,0.196,0.02,0.0,0.15324248621773387,0.010541100148957979
0.1,0.7571428571428571,0.196,0.02,0.0,0.16061510615603877,0.010857069188167439
0.1,0.8142857142857143,0.196,0.02,0.0,0.1681502867914549,0.011169587764819295
0.1,0.8714285714285714,0.196,0.02,0.0,0.17584914178540387,0.011478328331030034
0.1,0.9285714285714286,0.196,0.02,0.0,0.18371371655012336,0.011783039754482394
0.1,0.9857142857142858,0.196,0.02,0.0,0.1917470327602529,0.01208354140714833
0.1,1.0428571428571427,0.196,0.02,0.0,0.19995313185518204,0.012379716396078457
0.1,1.1,0.196,0.02,0.0,0.20833711892371834,0.012671504182174735
0.1,1.157142857142857,0.196,0.02,0.0,0.21690520817666667,0.01295889278711515
0.1,1.2142857142857144,0.196,0.02,0.0,0.22566477098697885,0.013241910741067155
0.1,1.2714285714285714,0.196,0.02,0.0,0.23462438720576256,0.0135206188764387
0.1,1.3285714285714287,0.196,0.02,0.0,0.2437939001336775,0.013795102027098488
0.1,1.3857142857142857,0.196,0.02,0.0,0.25318447512206,0.014065460649217298
0.1,1.4428571428571428,0.196,0.02,0.0,0.2628086612697224,0.014331802339697988
0.1,1.5,0.196,0.02,0.0,0.27268045503434885,0.014594233191348133
0.13333333333333333,0.7,0.196,0.02,0.0,0.21014188704903444,0.015025864793155392
0.13333333333333333,0.7571428571428571,0.196,0.02,0.0,0.2173065930534497,0.01529214764455236
0.13333333333333333,0.8142857142857143,0.196,0.02,0.0,0.22457022041690458,0.01555234772210604
0.13333333333333333,0.8714285714285714,0.196,0.02,0.0,0.23193590668861488,0.015806660271418894
0.13333333333333333,0.9285714285714286,0.196,0.02,0.0,0.2394075053593375,0.016055315887154774
0.13333333333333333,0.9857142857142858,0.196,0.02,0.0,0.24698961075662454,0.016298573590022347
0.13333333333333333,1.0428571428571427,0.196,0.02,0.0,0.25468758625429216,0.016536714331384622
0.13333333333333333,1.1,0.196,0.02,0.0,0.26250759629287646,0.016770034923798516
0.13333333333333333,1.157142857142857,0.196,0.02,0.0,0.27045664259710817,0.016998842366353635
0.13333333333333333,1.2142857142857144,0.196,0.02,0.0,0.27854260484014104,0.017223448507963722
0.13333333333333333,1.2714285714285714,0.196,0.02,0.0,0.2867742858305965,0.017444164968876515
0.13333333333333333,1.3285714285714287,0.196,0.02,0.0,0.2951614610715458,0.01766129821971073
0.13333333333333333,1.3857142857142857,0.196,0.02,0.0,0.3037149322394806,0.017875144697410042
0.13333333333333333,1.4428571428571428,0.196,0.02,0.0,0.31244658372940104,0.01808598581783663
0.13333333333333333,1.5,0.196,0.02,0.0,0.3213694408757799,0.018294082724612526
0.16666666666666666,0.7,0.196,0.02,0.0,0.2612706535130729,0.0185134441820636
0.16666666666666666,0.7571428571428571,0.196,0.02,0.0,0.26790591593146595,0.01870827069831204
0.16666666666666666,0.8142857142857143,0.196,0.02,0.0,0.2746070244981484,0.018898733473933556
0.16666666666666666,0.8714285714285714,0.196,0.02,0.0,0.2813780371919865,0.01908520686461099
0.16666666666666666,0.9285714285714286,0.196,0.02,0.0,0.28822353700949044,0.01926806162038293
0.16666666666666666,0.9857142857142858,0.196,0.02,0.0,0.2951486564830821,0.019447662864310072
0.16666666666666666,1.0428571428571427,0.196,0.02,0.0,0.30215910587915645,0.019624368352901433
0.16666666666666666,1.1,0.196,0.02,0.0,0.3092612052775404,0.019798526924591615
0.16666666666666666,1.157142857142857,0.196,0.02,0.0,0.3164619206760664,0.019970477038650396
0.16666666666666666,1.2142857142857144,0.196,0.02,0.0,0.32376890417925913,0.020140545302440367
0.16666666666666666,1.2714285714285714,0.196,0.02,0.0,0.33119053820724154,0.020309044879198677
0.16666666666666666,1.3285714285714287,0.196,0.02,0.0,0.33873598348510703,0.020476273660860876
0.16666666666666666,1.3857142857142857,0.196,0.02,0.0,0.34641523032510135,0.020642512080258992
0.16666666666666666,1.4428571428571428,0.196,0.02,0.0,0.3542391523696115,0.020808020423812506
0.16666666666666666,1.5,0.196,0.02,0.0,0.3622195614914369,0.020973035489212435
0.2,0.7,0.196,0.02,0.0,0.3049613414204178,0.021002694304250433
0.2,0.7571428571428571,0.196,0.02,0.0,0.31099475786663433,0.021145912591215926
0.2,0.8142857142857143,0.196,0.02,0.0,0.31707767758315275,0.021287473159829384
0.2,0.8714285714285714,0.196,0.02,0.0,0.3232142783800673,0.021427665728349768
0.2,0.9285714285714286,0.196,0.02,0.0,0.3294091419606678,0.02156677052273052
0.2,0.9857142857142858,0.196,0.02,0.0,0.3356672793481343,0.02170505852239825
0.2,1.0428571428571427,0.196,0.02,0.0,0.34199415949146067,0.021842791568205473
0.2,1.1,0.196,0.02,0.0,0.3483957412197073,0.021980222282346123
0.2,1.157142857142857,0.196,0.02,0.0,0.3548785086697895,0.022117593747717847
0.2,1.2142857142857144,0.196,0.02,0.0,0.36144951024313693,0.022255138889454424
0.2,1.2714285714285714,0.196,0.02,0.0,0.368116401040796,0.022393079493905746
0.2,1.3285714285714287,0.196,0.02,0.0,0.374887488571725,0.022531624789973267
0.2,1.3857142857142857,0.196,0.02,0.0,0.38177178130787487,0.022670969504127787
0.2,1.4428571428571428,0.196,0.02,0.0,0.38877903934985414,0.02281129128336736
0.2,1.5,0.196,0.02,0.0,0.39591982604015985,0.02295274735955616
0.23333333333333334,0.7,0.196,0.02,0.0,0.3416832350442255,0.022804268997680652
0.23333333333333334,0.7571428571428571,0.196,0.02,0.0,0.34715006715371577,0.02292071703963266
0.23333333333333334,0.8142857142857143,0.196,0.02,0.0,0.35265776995093945,0.02303730511658913
0.23333333333333334,0.8714285714285714,0.196,0.02,0.0,0.35821027059724625,0.02315421168676392
0.23333333333333334,0.9285714285714286,0.196,0.02,0.0,0.363811826737742,0.0232716101693745
0.23333333333333334,0.9857142857142858,0.196,0.02,0.0,0.3694670516385933,0.023389668990090772
0.23333333333333334,1.0428571428571427,0.196,0.02,0.0,0.37518094216266756,0.02350855144341808
0.23333333333333334,1.1,0.196,0.02,0.0,0.3809589097308818,0.023628415348478725
0.23333333333333334,1.157142857142857,0.196,0.02,0.0,0.38680681437882425,0.023749412467703193
0.23333333333333334,1.2142857142857144,0.196,0.02,0.0,0.39273100195768235,0.023871687649338263
0.23333333333333334,1.2714285714285714,0.196,0.02,0.0,0.3987383444361123,0.023995377644094935
0.23333333333333334,1.3285714285714287,0.196,0.02,0.0,0.4048362831232107,0.024120609533265586
0.23333333333333334,1.3857142857142857,0.196,0.02,0.0,0.41103287443622827,0.024247498689765067
0.23333333333333334,1.4428571428571428,0.196,0.02,0.0,0.4173368375592757,0.02437614617427813
0.23333333333333334,1.5,0.196,0.02,0.0,0.423757602954563,0.0245066354455585
0.26666666666666666,0.7,0.196,0.02,0.0,0.3725385532030217,0.024204637675967575
0.26666666666666666,0.7571428571428571,0.196,0.02,0.0,0.3775054208478216,0.024309950446949363
0.26666666666666666,0.8142857142857143,0.196,0.02,0.0,0.3825077384322388,0.024416219120518445
0.26666666666666666,0.8714285714285714,0.196,0.02,0.0,0.38754906586001253,0.024523542567029304
0.26666666666666666,0.9285714285714286,0.196,0.02,0.0,0.39263324957906703,0.02463201738132794
0.26666666666666666,0.9857142857142858,0.196,0.02,0.0,0.3977644470145848,0.024741737790904834
0.26666666666666666,1.0428571428571427,0.196,0.02,0.0,0.4029471534768497,0.02485279543648065
0.26666666666666666,1.1,0.196,0.02,0.0,0.4081862316764815,0.02496527899980371
0.26666666666666666,1.157142857142857,0.196,0.02,0.0,0.41348694395074065,0.0250792736468808
0.26666666666666666,1.2142857142857144,0.196,0.02,0.0,0.41885498725499676,0.025194860246474507
0.26666666666666666,1.2714285714285714,0.196,0.02,0.0,0.4242965308947915,0.025312114313009348
0.26666666666666666,1.3285714285714287,0.196,0.02,0.0,0.42981825685497466,0.0254311046095686
0.26666666666666666,1.3857142857142857,0.196,0.02,0.0,0.4354274024083557,0.02555189132992906
0.26666666666666666,1.4428571428571428,0.196,0.02,0.0,0.4411318044379126,0.02567452375810523
0.26666666666666666,1.5,0.196,0.02,0.03333333333333333,0.4469399445591212,0.025799037279264886
0.3,0.7,0.196,0.02,0.0,0.39863548427854034,0.025379943874527043
0.3,0.7571428571428571,0.196,0.02,0.0,0.40316877859058153,0.025481128132289307
0.3,0.8142857142857143,0.196,0.02,0.0,0.4077334125644425,0.02558340596282226
0.3,0.8714285714285714,0.196,0.02,0.0,0.4123325997927255,0.02568682474087552
0.3,0.9285714285714286,0.196,0.02,0.0,0.4169698140657458,0.02579143244238764
0.3,0.9857142857142858,0.196,0.02,0.0,0.4216488121904209,0.02589727762213862
0.3,1.0428571428571427,0.196,0.02,0.0,0.4263736589622084,0.02600440927052375
0.3,1.1,0.196,0.02,0.0,0.43114875443134937,0.0261128765248292
0.3,1.157142857142857,0.196,0.02,0.0,0.435978863581104,0.02622272820289335
0.3,1.2142857142857144,0.196,0.02,0.0,0.4408691484930873,0.026334012117465992
0.3,1.2714285714285714,0.196,0.02,0.03333333333333333,0.445825203005529,0.0264467741176409
0.3,1.3285714285714287,0.196,0.02,0.03333333333333333,0.450853089764009,0.026561056789129144
0.3,1.3857142857142857,0.196,0.02,0.03333333333333333,0.4559593794072875,0.026676897727522315
0.3,1.4428571428571428,0.196,0.02,0.1,0.461151191405381,0.026794327277761397
0.3,1.5,0.196,0.02,0.1,0.4664362357499251,0.02691336560855396
